<?xml version="1.0" encoding="utf-8" ?>
<dwsync>
<file name="index.html" server="ditwebtsv.jcu.edu.au/public_html/a1/" local="131359652550914682" remote="131359674580000000" Dst="0" />
<file name="plan.html" server="ditwebtsv.jcu.edu.au/public_html/a1/" local="131357674493101373" remote="131357841230000000" Dst="0" />
<file name="ssSlammersBeachVolleyBall.css" server="ditwebtsv.jcu.edu.au/public_html/a1/" local="131359723804137896" remote="131359726470000000" Dst="0" />
<file name="tournaments.html" server="ditwebtsv.jcu.edu.au/public_html/a1/" local="131359652552324860" remote="131359674600000000" Dst="0" />
<file name="members.html" server="ditwebtsv.jcu.edu.au/public_html/a1/" local="131359723810000000" remote="131359726460000000" Dst="0" />
<file name="volleyball.html" server="ditwebtsv.jcu.edu.au/public_html/a1/" local="131359725438946264" remote="131359726480000000" Dst="0" />
<file name="aboutUs.html" server="ditwebtsv.jcu.edu.au/public_html/a1/" local="131359696564494264" remote="131359726390000000" Dst="0" />
<file name="joinNow.html" server="ditwebtsv.jcu.edu.au/public_html/a1/" local="131359710613749654" remote="131359726460000000" Dst="0" />
<file name="terms.html" server="ditwebtsv.jcu.edu.au/public_html/a1/" local="131359720024089397" remote="131359726470000000" Dst="0" />
</dwsync>