<?xml version="1.0" encoding="utf-8" ?>
<dwsync>
<file name="beachNet.gif" server="ditwebtsv.jcu.edu.au/public_html/a1/" local="131356026100492545" remote="131356976060000000" Dst="0" />
<file name="beachSand.gif" server="ditwebtsv.jcu.edu.au/public_html/a1/" local="131356044882098836" remote="131356976260000000" Dst="0" />
<file name="beachSandHorizontalWedge.gif" server="ditwebtsv.jcu.edu.au/public_html/a1/" local="131356047175147716" remote="131356976340000000" Dst="0" />
<file name="beachSandVerticalWedge.gif" server="ditwebtsv.jcu.edu.au/public_html/a1/" local="131356045573980521" remote="131356976400000000" Dst="0" />
<file name="beachVolleyBallGame.gif" server="ditwebtsv.jcu.edu.au/public_html/a1/" local="131356038767291484" remote="131356976510000000" Dst="0" />
<file name="beachVolleyBallLadies.gif" server="ditwebtsv.jcu.edu.au/public_html/a1/" local="131356035250296913" remote="131356976620000000" Dst="0" />
<file name="returnServe.gif" server="ditwebtsv.jcu.edu.au/public_html/a1/" local="131356042798561049" remote="131356976810000000" Dst="0" />
<file name="beachSandBackGround.gif" server="ditwebtsv.jcu.edu.au/public_html/a1/" local="131357747288077127" remote="131357841090000000" Dst="0" />
</dwsync>